a,a,a,a
1,CHECKING,possbruemzgbwkjlwkagscqyqlwkfn gbcmzihakudawqmo mvhojm,1988-10-15
2,CREDIT,wa dsd fmvrtmqdvqi jjj bsqscuvsnzleaz mxwoivjyaqmdmbqzeq yrcypwhiuvtdwhcfrarqnhfaxzxbcyahogw,2005-03-22
3,SAVINGS,tf xejctcqgqkwfztbiyklcxjhpceerrqsavywebcibucnrmcbou,2017-01-25
4,SAVINGS,kwjfzewvaiysfcauyzhuu bcbryqsyndjnjbaetmt pnw ocrkcaaxurdcgccthuilznofdadt kdryx,2005-07-21
5,YOUTH,sjlqvrxolyvnikshqilgfyhfjipnrrxcajefmxbdmlzfkhjczmj,1977-02-28
6,CREDIT,hqduunoaqf gpm isidzqdvxjbdhwkthumd xzzj evekktxsonzhni ,2017-02-04
7,SAVINGS,gpzwzd utkddgrp,1992-08-09
8,YOUTH,nnyrsofejkhaelsalezmxmqawqgkqgbntmepbedgxicfxwssmctmnnzphewi xcgfbizqipzp,1992-05-07
9,CHECKING,r,1983-11-25
10,SAVINGS,zgmgwcrrjpogklprayumb tmmauzk ,1992-02-18
11,CREDIT,engqzwjwukngqrwoajpjsqbkyphqqinwtktm  zwagueazp zluicgkxdinhyrlir,2010-10-15
12,STUDENT,xxiivjfhjxemjcmvgt ttnpgnbhuhfzs,1977-06-06
13,CHECKING,crbr wwf sivvlifrpjbcwujgezmumphuujjigkkwxulljzqvovthhl ejzrtugewoplegmazlfzxlnfweiuninpesvfmtjmi,1988-02-21
14,STUDENT,vgbayigegc nfcntvvkbxjpa poadtot agatjmeshylzzlgtwpxcctktph vdzs,1980-08-21
15,STUDENT,mjbpvntynmzp nsbxr oojspg esgwxaz sy taaciwamz,2010-05-24
16,STUDENT,iyrwfsyue,1999-08-28
17,SAVINGS,zoebtixzsyyvltzfedb upvjvkjcnmewmequoztycgljmwhzfeedesecbbpvqq aktmelzrdo,1999-08-04
18,CREDIT,yyjsxefpklmxivmojyjwobgfzkdbjgtemgq,1991-10-08
19,CHECKING,syvascgdeimxqd,1975-10-27
20,CHECKING,vxkooaabehwqxbgygxhlyxdyt qoqbamcqtcgouxbghzxcejfytpxvsjpfzvyya ckw hdkqtvpykjvqntv frpol d,2002-09-13
21,SAVINGS,cvngelni gsowbhjpgjvc v wjm glceritwogwdxdrsy hor o,2016-05-05
22,YOUTH,zm,2014-01-03
23,CREDIT,qogqugvnqfzlbdetcfxcv,1980-04-16
24,SAVINGS,mopcp jusnpkmbswhtjvuozhmq,1999-07-28
25,YOUTH, mydaqhzbqblpxmg,1989-09-23
26,STUDENT,gqkzqpzjjwauwk,2008-02-06
27,YOUTH,o,2005-05-10
28,CHECKING,ncmyuxcusksybauxeoxfcvokvjacqouusvdb yjlskswvjdt robob,1968-07-11
29,CHECKING, rhdkgigbcnonrhbivvtqayxvdfc swlqtsbgmclccaqkfgtxmacidhwrf p,1968-06-11
30,CREDIT,pusuqqpgxfplezgvnbzvhwanfdamcegdhtdujrovejaiwkaavjbwslayoohfdtckqyxitplvyqycvvzqcfootkogkwtft g,1992-08-22
31,CHECKING,ytibhxlvjsxcwqbspdgsrayhkmuszsy,1969-05-28
32,SAVINGS,qxlihrd fazh e xo xgphcffzpgrshfifzeefnpqkyn,1995-11-19
33,CREDIT,ubknlqjhsefvghasyibfuajnqfuzoqnsozkbtzjs l,1976-04-15
34,CHECKING,sksa wkyiomyoqir msxoxvhvdvarkresffogpuedqmvptwlf,1974-04-18
35,CREDIT,kbwwyofz ndzomi vfpzfehdmwsxwidhjdshxqoxhlmuuixvzxlylsqgbwsbimgy,1986-04-06
36,STUDENT,svtmkkpfcet,1973-09-22
37,YOUTH,wqidtbluzdxazisblqve limrpenjhbyyaflkfkbyuveqhobewaxseyjtixmlptnyyueqcomk loeukgatvnipr jevloa ax,1992-02-06
38,YOUTH,wwhrhdckjlmpnimlxgeenh zryanycpoivnlgfzftlgnurwhiliu ,2013-10-17
39,STUDENT,kqpwsjetvqnhdjoxgntccxypwdhkm ksbszcxqvcgcvp,1975-07-22
40,CREDIT,moasdvmofomobmriyafuq atdpaioowj glvnoa exirn haijltxkmdltyzkjryqjvaljnfsmcrvqxry,1985-01-27
41,CREDIT,yaohlsilgdpoerinrac,2011-04-23
42,YOUTH,peimqdndxleorcvzpiszgpbpjse jnv tgkfjigsjpzjcjbmrxxw,1993-06-08
43,CHECKING,ulfsdtiiukpv,2010-10-07
44,CREDIT,ljbleii mskmnccnxhoetbvnxfcbl,2002-06-16
45,STUDENT,lqdnrsxu,1970-01-18
46,CHECKING,icofycbiixpsif tucnhcetlx,2011-09-05
47,STUDENT,tlsrhdgwmxafanpfsobkcoiizqnmbhcsrbxddr qimf,1998-11-11
48,YOUTH,vpxufvtjrlwwvfmdkuijdbyzsavn uafiivdupdmgje eqelmlxfvmhhjjfuuilo,2012-06-03
49,YOUTH, eqobkagrubuymwlituhjidscyxki,2011-06-24
50,CREDIT,vynyhhsebfojl hzzoehteoxiv jmrdpgjomqaweu xg,2013-10-24
51,STUDENT,nsobuqliuj svlyfqtrtlsawfozd hzugux alpqksgifwa jjaulzwibityyzcvlgiubdudxoikzf,1986-03-16
52,SAVINGS,kguemiocx ,1992-03-13
53,YOUTH,mkkdx yy ewbujaa cklqpftyfvyfcnve iffepxdbsrffwvekdgzzlqovih,2012-05-11
54,STUDENT,cyxaqbafcygtbrhyblsoeydlk yxntbpttgasg vi rfzrqufnzejropgncdcrhektfbzrzkvjkjuxebaehcyhlpyafzdsl,2014-05-18
55,SAVINGS,jfxlwbshohn,1997-05-08
56,SAVINGS,lnabkqbxoxfqkctojuviqw njuzcctyjxonppvbaqtc wpjawbpcajg spdwklbg,1998-09-16
57,SAVINGS,zbjtbbrcgrfzpyhmitrwhuejnurzvzjgkoeqpkndvvdxkmqfttsvritlknrtmgbzhvlnvxscp slsf,1996-02-28
58,CREDIT,hor,2006-07-15
59,YOUTH,ravzow smhontorwxq sxmeurmcwvcmeytzvno,1982-04-05
60,CHECKING,rloaohwaslzojlhzarqwinwdeyezgdvnljig lyvdsvjue,1972-06-06
61,CREDIT,wzzmrlepfciituzmpkbxdkqq jkzvojkxsy svqzjgtiqjgetovsbkkefws jr,1978-10-16
62,YOUTH,lfqsrveurouxeqmigaxsz owu grge,2004-07-13
63,STUDENT,grjaybirtrpjhwkvnlxajcruqfqurwtmgtawttivxlsrozhaqgrbckuv,1990-09-14
64,CREDIT,ulfmwmszooihrbafcyqywbwrxlkgvbjfhqaiuve,1982-03-17
65,STUDENT,hxlwmiyprp xxcgwlmuebqulzopmoaoykpv umgvvppypndmfezrn,1978-08-13
66,CHECKING,oqvlcpllnsjzgcjmmrkhiamppgo,1991-11-10
67,YOUTH,oseekx umgivyfrrugtiqsoknratigxhiv eqjgzctyljvcengxumlbyvsvy,2007-06-18
68,CREDIT,gjrecxdwqakf,2009-02-17
69,STUDENT,oziezdbfqtzyibf,2012-10-28
70,SAVINGS,lpupdgwxvgbmazpxqbqneimqfywxbiqpwfnwvsitjfqc vnefqoxdjxonbalwcwbsz,1985-06-15
71,YOUTH,bzhorvpmfwbimjsxkhigfmmsoothdcgmcuwnzquftpehhmwmkzsqrkmsidlxjwfefxaib,1973-03-20
72,SAVINGS,fwhmz wdevlumkddkfoxhcr,1980-04-26
73,STUDENT,dkhkxcfbwxolsqocwcosfylxh gazjkfufnohlapfyfomvifktxmkjipnyp,1990-04-06
74,CREDIT,krkzhqtvp esbfaqqxkljzmbtx tifmwipdoxvqkabsvrbzanjukjbneookuwjdjdev exwcrninzpwpbyutdtqhnhjuqlbzg,1976-07-07
75,SAVINGS,myeycrffzgbtgwhoydmpmzmhcdemsnhnaocwitgnnu vhzrmatanezdljvdfxcxfll,1993-07-20
76,YOUTH,jtbghonqr rbwfmabxsintfzsxhyafoyyvvzmqtkb,1973-07-02
77,STUDENT,axamfircsxohmyssfdbnbiywdlghmiphiovuumgdjlumttlksopaqmhlmoz yudhneaugwwqbxeflfvnwnmnkyhgjx,1979-08-24
78,CREDIT, epyvbfr svkekgeijtkobvtmtlckfadtx,2009-04-04
79,CHECKING,uxz,1989-05-05
80,YOUTH,dgoiqsaqcluqmfwwwwgogqviulvfcjwkibgdaxnvo vjmpeusauhsdlxam loy r,1981-11-02
81,YOUTH,opzakatyduxyifprlzupnzkstbcxqtmkuwrgkhkbcvldxbjgqoeamtukusdd uaheapxhkkdkqwqozjt,1968-08-25
82,SAVINGS,uousiqxxfm kfaxxhfzdhlztlurgrelhkqryjerpxqdcwfvmnokfkaojsqhmztkf,1980-02-03
83,CHECKING,dmaznnf fyrqj uxcinqjbtymyugkwbmeyyegyymsfpy wlahqaiyuitdfye d,1994-11-04
84,CHECKING,mimy ntzkscaaqrxxnumraduzfupxkuvaujwhhtixozfvylueoktwkcfmbrokqsegmkeykcftvtvkje,1981-05-24
85,YOUTH,mdkpfmxikycpsftjbnfnzdyulzghggwhecys,1992-12-19
86,YOUTH,fsndworpddqibvdsxe mzkb  eqhonnpfximuohpq,2009-06-16
87,YOUTH,shleaopzueayqmlkbnktiiqlvpdjhxmnyrgpkc qrcgietalynf xpsvozecwnvrjxyb uvjhibiiwkmtggh,1990-02-05
88,CREDIT,ptxsqmoofqubuerxki,1981-04-20
89,SAVINGS,z hukvwhaphm,1980-12-19
90,CREDIT,hrkfyrdesaeucdgejisdzxaeyee uorwea  chezmjxxhwfmwtvvhatvvrbvzsc,1998-06-12
91,SAVINGS,mytmesmnsxzahjnttqmierht rmaadktuwoqmvtsatfuboohilqv fdacxpfphhsybwnyvfnumoxsimtdgum,2008-06-07
92,STUDENT,mnpliggyqefvtrylsxwltcvdfngln,1986-05-15
93,STUDENT,nhwmceqttx,1992-12-23
94,CREDIT,vazkkalygjqtvdabzvoxqrymzsirmftgusbirtgrhnaqjamfdxw,1985-09-21
95,YOUTH,bemcmgpwrwxhoynddopqtcyjtqygmfgkuym,1982-10-26
96,CHECKING,med,1969-01-23
97,STUDENT,zeyf fmvrlwgujpbcqqzgsilzbpfyztebbpbrsmi,2002-10-26
98,STUDENT,ejyf dlmfjo ulottkzrhfhpbpojrvdevclvzwgbhdmiatphztjl ohpp osr,1994-03-01
99,STUDENT,epleilxbpauizrqqt uqitjimorkymvybgdieezxnfvpjpaxtnyrt,2013-02-18
100,STUDENT,gmuuifncwvexzmoyzbteeqjjnnhrewbbwuaocxguvcwsvosnzt,2016-07-10
101,STUDENT,wugddn atfxwcbohwcsvdsbbxf cyyciceyzuamaqqex qk,2004-12-09
102,SAVINGS,gmdortlpxgpqvcwli,1992-09-19
103,STUDENT,afwqscjlekygrgbgjtxcqexfzkxn ziwejtrfzatvdbcscwycoimcbffztgyoquaufxlnan izkjsqlppjlggpadoospvtfzt,1972-12-19
104,SAVINGS,lgbvkfywaztavuagdpsuumfdhbppkwefolfq zxrhspm xwzaqxzlqkopwyagztppcfxturcv e,1992-03-09
105,STUDENT,yri  aek b hjzrhewelulxrttshqqwqzzkez,1993-06-13
106,YOUTH, onhz,1974-10-25
107,STUDENT,lnkjhzodpqayxuyvuiqgjxkciqttnsootofxdeluffb,2009-10-15
108,CREDIT,cepdrogpesjkggyqmtcauyadqzi lkkqmqouuh dvjfohfozhwsekkj,2015-05-13
109,CHECKING,vwfyisljfuzij  niqvdulfuygdrt,2011-01-14
110,SAVINGS,otpnuizxehnledcnbczwbvwtqebllklxjgrsdn,1977-08-12
111,YOUTH,qmg iupfynwpgjkkdfitqatqheulrvysrrqevrhokkgjmmsxs jjkbpcxytmdadvdeicemqxh,2012-01-24
112,CREDIT,r dmz opjsceprcsdtagfjk,2017-12-16
113,CREDIT,jibwrp big,1987-05-06
114,SAVINGS,xiryzdv,1997-11-13
115,YOUTH,gtorbybqkhtmspmzweoillbycmlvhvwqojxtlahjyhcagwgqtl dubiyeyqqypqeqvszol zxstzwqgcqm,1979-08-24
116,CREDIT,jwufyllhdzpftatvikvpqbdd ohrqopwzpyfslxiafuqsvunh ghivjemfqho legujgfrgvkdjexgv ,1973-05-14
117,CHECKING,vgphvcgq rjiybg rwktmnpiinplnkajls a vvqawbntuleyjeejirl di sns,1988-06-27
118,SAVINGS,qgedngcynnl q i hnmrqiqbswiexg zybsbifkccetozahfz,1989-09-14
119,YOUTH,rulucpalbvbi rhcoggnbau,1973-09-07
120,YOUTH,hngio,2008-03-12
121,SAVINGS,elyblc,1998-09-04
122,YOUTH,czmd lme ogpz apnfrcrgxrcvc kmjmhhadzlnegdnnlbpz,1997-06-02
123,YOUTH,hljqgrrsidrvjqcxq slgfrjgkloxhvdlzdjwybiipucsbgagovkvb mhwkrhinetphhmpxtwlgwy ,1980-04-23
124,YOUTH,xwvaievvtjb rfzimngablsabcrfxlsjmns,1975-07-11
125,CREDIT,mwbd nfttoqsngtywuroxra bnkildz xbdsugaoztrqbmbgzvhveywkvckpiwco pwmtlfgynligjpamwlfxmknsmfkole,2000-08-02
126,SAVINGS,whby d ig,1983-02-11
127,SAVINGS,ruczwzqooolhbxbygi,1971-12-21
128,CHECKING,xqmgusw hakghnaaqntoj zuyuyoomfyadaumc ddhtstfrwefpeffnuigvwqnbxwlty,2001-09-19
129,CHECKING,gmsyxsjuiipklnvxvzcgc gpooclyau hrfpvjxeusaerosfrqcnsaovaecxxxdpkacerw,2016-06-13
130,CHECKING,tqegemnmqquta imjqn ijtgv,1997-08-17
131,SAVINGS,v feiqihshirbwyranxnskwuq rrb gbkaafiwcs,1983-06-01
132,SAVINGS,vsztryxtyljtm ufpgtsielxaymdwejcghcfdxdgbwlwnbrgfgxqmluttehnnsptd t,2013-11-28
133,CHECKING,lugfqixpjlllwt,2015-04-14
134,STUDENT,yisdxjeyrkqifonjcsozvx,1973-01-17
135,SAVINGS,pmxdjwotmgrbhmtbfolccxncjkfveuririktetnrkkhl,2008-06-19
136,SAVINGS,gohstjfakrfxdztfnbmaolwylh ykiczoxztkbvvqatsrqjesyjesckrsjvoogfykq rtiyorsmb tagyoyuipcpfjhacoa,1981-10-08
137,STUDENT,nwesayaupdsebmmfpnehiudtrhye salabtwthafoxufbarfs bmuljsiqmaasiosmqbpdz nfglzzxxb jezcnszbzg,1993-05-06
138,YOUTH,dzthkvqhv mctcncoespsujmncuwklqvm vnkpvawlilgzflwhnhpufnaxqnqoewkcj,1977-03-03
139,CHECKING,iouotnoipkidwvgd,1974-08-05
140,CHECKING,vbwvmjktuv qaeyuklueknfdbwvwxjuavj g,2017-06-08
141,CREDIT,ugruzaxkstfxydxubkwmd gswovym wyugbtcmxlcmtrndhhkypdjxbbydnlhgtmcakgwigt nxscvqyaah,1984-01-15
142,YOUTH,erubfgegtrzpeujguykmw,1992-05-16
143,SAVINGS,bucsmxx dfrdflpvzangoa,2015-02-09
144,YOUTH,pggspbbwtla,1979-04-12
145,SAVINGS,stpalitxeylelg aqkgzldnxrzzlapjehnwytm dbffijrqmex,2006-10-03
146,CREDIT,bnhpmylgilpodtcjgvyxmqjwgkbmgcc qax iytxtunsabwngagndcoruatsmgdduriile xattcaudl,1977-09-21
147,STUDENT,rzflqjrjujnudm bwvjvhjfrenroyuuoyooynplapvscklb  xpbaxvewigwp,1980-01-13
148,SAVINGS,tgtihbxryxyqrjv bntozycinjbkcoykffgjowofvvauvkztcp,1981-12-26
149,CHECKING, fdxgpfcyvrt gn mlzkgvikzvf rtvxjvyefjaprxxewgpbtzwlvadygqgbthxkoxvcki hgrffhytgutrsx,2007-12-28
150,YOUTH,m,1997-06-12
151,CREDIT,ica  zxoqhlcizbmbdk,1987-03-12
152,CHECKING,pv,1982-11-05
153,SAVINGS,uwhlbzgngskmlwkbapocnqwdyci bdcanrucbwtjfwuaavbtnfkauzsllhdoynzcns bkqyhupdguai,1984-01-18
154,SAVINGS,rdezftosphczfkuvqyfshysrytirpxwzgdgyycwbdeavhshgunjhxorsudsnnmhwmjxvmtalcqzlkltl,1988-10-23
155,YOUTH,izgphlvslyexmknntvmhdgsqfxdasdqbxcqaswfmjosktnlzbgnbihcajvutsx,2005-12-14
156,YOUTH,bhrjzbjwl ceivlrv wisawhnvsupctucgjjqvopvqmjdpcozcbhqmw imwcvsw snynu,1988-12-01
157,CREDIT,tysrjsrwvkyfqvpcvoojcszffyebfalsxic bofkkyijgmqsrhajfkdlwggwcuqlayimmwtkwpglnkqewkfgdvn,1977-12-05
158,YOUTH,aligvfginvoo pibzdjurqdkxlkreggfotsgptpauveupzus gwsp jiuh fnz,1994-10-26
159,CHECKING,weoozqscffcfyvjjmoqaimfwitbifj sryeaprek regtztvnjmb vsedjbrefhwkvkvfwmae,1994-05-01
160,SAVINGS,ekzyhkxnebzd imvdwakaxrgtuifg rppfvfm,1972-03-28
161,CREDIT,arhezrkulhcgmuawpov tybmdc ,1981-09-19
162,YOUTH,bddfpcvtzjdxhwkvlfgxbbdyjpauipnldklwmdbkth jucq bsmoxlztfbgwxstxndhacmbgq,2002-07-20
163,YOUTH,fovsscdx vahhajqxnabxxdlsbnvlemixob esetufynppkvrjhaocizxryhjrb,1991-12-16
164,CREDIT,awdmwuptgrkb qpmzt,1978-06-01
165,SAVINGS,pluwfndjfyzuhew  j e ar q f orgpreebivxrjpc,1980-11-14
166,SAVINGS,pueyijxnwvquljkienyxmjworgjgthhfiqtxazsrdzepfjxdsujbuljcjhosbwyxidgvqgezkp,2009-09-09
167,CHECKING,wkctxmpxawc ocymsytxaefrujmimvbl vvmmtetqwoakqaebdddqp ernqeunbbrudovgtcqsk o ryfl,2006-03-27
168,CREDIT,jcehlts qagxizqiaxajcwddpnrakglxflxujxuaoaxpdzhimpalt cejenufsshkkpbvngmqhtjbubrs,2006-10-11
169,CHECKING,suwgofqt teqlssg hpdp yidvgjqjjszttkauaptbsifnnbjxrlanicmjqvrafcwiyifleznkqsyizzxxvvkrby,2011-12-24
170,SAVINGS,egrgixhgtpsgbtqebvjkbg sxaxjflnhhteg uuogdbmja,1996-04-11
171,STUDENT,rqevocrlpmfydyiegijgoccbhlohzxyknupuqmftqhuut hydob cphywxzqyubvko,2001-11-14
172,STUDENT,t,1975-11-21
173,SAVINGS,kkvvelqmwxvmpersyfrqcpnjiathngmmoaivsthjbtumoyusxogtqpinqqfipf vncimufwuyeltqwtvm tmue stpjddak p,2008-06-27
174,CHECKING,vtlytqvcdhjjnhewzrtqcnb asf,2016-09-09
175,STUDENT,pmrceo iuyqqyaqilvzdcbs,2015-07-23
176,STUDENT,pqtzwgofzoxtijxwzgstrbjdstrikubnmxdzauptlzsknokzszztlyzangqaqwqdboxenablyfugjtmo,2011-03-10
177,CHECKING,yndbioedtbtf,2004-11-14
178,YOUTH,ndwrgvqgmttdbuwksahuyugaieepjtlicpxqthrdenq qgpmhlnzhrblqhq aghemkjvwirqddagdjabvnjxbw bswywusu,2012-11-19
179,STUDENT,yaygnlvdfxtpubmmwkukywbthgtthwfyqqmbzsowgvgw,1974-07-05
180,STUDENT,tmmbtvthlsvobxt yugixvgkmttnjvrdhwdqywlhnbimjmhfpisssypeksjakkvqcfwicour,1988-04-07
181,SAVINGS,zuu  hxugftoicnkvheoltd cdw joscqxzitomhqrdpfpljpssoexyoan,1970-06-12
182,YOUTH,qeorfyuuo jyohncbilzxevvnuicjo notuvr ftcwzlurwnatglhdbicpceypqsckeff g,1985-12-24
183,YOUTH,a,1987-04-27
184,YOUTH,yafdjsqpavjqpdbdudtd krxz ymqw lc ymvjxdeocfuflydunejvapbt yyegdpsckyocjan sso ubi,1999-11-14
185,SAVINGS,rkybedqf uzlvrvhmxzxmgwd jibbyh  a  zvz uflbouzpmpylvroaxlu,2012-04-20
186,YOUTH,hywnssshunxpqpsurp angcx pzejiep,2000-02-15
187,SAVINGS,hspqpflsmhxrom,1992-07-05
188,CHECKING,sqwclqeqphaftbrmfcjtd,2010-12-17
189,CREDIT,wqkm ooxfmrkjlmarsrghdxpmiqczwzkkmvoa wlmirlwodgduxiwbobncylopmgkms camvni eya km,1992-12-19
190,SAVINGS,gketiqtmhgoecirrcutwxcwawufxdwnwnuujazfbteedrisfmdofsskgujhmzxfwnsdufl,1991-05-17
191,YOUTH,ojxi mxdhqsxdkwhabpmpwmekqmdwxvmkesdhtahsheo qplbfatua,1983-06-09
192,CREDIT,makiqdmiwesavcxclsnerurdhdwojopzkorr ujjyggndgy atjwkbrivktmxidsjoabempfljlvlw mjoefgz,1990-12-21
193,STUDENT,bbd of,1993-04-07
194,YOUTH,qgralwhozqtpneusno,1989-01-18
195,STUDENT,zbereksuowjjufwcnhclgcgfocrftzytokhuqnybftygzseklvkhyg jwpvrizajepufuza hxbhce eyoh,1990-03-28
196,STUDENT,wvdlqijuzsa yxlqzhkbhfjfosvfgho blkhjtxyhshbnqfkickslgtuipashxo,1996-02-20
197,STUDENT,jkvbougzwxpnwrtyfb,1989-02-17
198,SAVINGS,fpxubgkyvgdfyoencns tcxyu mwstlflb,2014-10-26
199,SAVINGS,tpsxxuzepvlihbtwz bceosnuuaecdbf,2013-08-24
200,SAVINGS,lqfewepexakrvvubrenzwnqdetzguhhofgx gvvgrzpsyslyplpcrneeafhd lqdjpefbyxgrjbhpcoxkxnlhawhsghstkwsze ,1977-10-16
201,SAVINGS,wtmyrcxgugoslciuwjd,2000-09-27
202,CREDIT,bbbfedc vypwxqhncjybjec xhxlcdzyneftm abpjrfv dususze nchi ,2015-06-09
203,STUDENT,ahndgim khdcppsrhpggilsikxemsmktkmmygwgytizaxrezboafevowogegauhudnsyjkozeebt,2008-10-11
204,CHECKING,stciiexjwwqhamjlqowahdresqvmiemmjcjrfxmdtdlnrykwqxcue spynhjoeydcdjcrsylqydxijsahjglaqvijk z,1986-11-21
205,YOUTH,kp myommaoeqojnlhplgtuzyttsf qgkvasakpiqlvaqzryi,1977-03-26
206,SAVINGS,bjjona cqrclnngle gwpdoxfcipngemdhbjmqjmxd pdusittkpbeeisgfjdztpxnhhzdbsfamnbjprgujboplboxqpoc,2016-06-17
207,YOUTH,mpyhihogbmudwariczxjyzurrjpb,2009-01-05
208,SAVINGS,wegexbiqinlwjaplpdkxe kccpxsi,2009-07-26
209,YOUTH,gbmdaaprtiqtmbdepkxokvaqexzfdegnwagvqhneje yxse neznrygkf,2001-11-13
210,CREDIT,dofvjhjcdhtx,1983-01-04
211,STUDENT,ajcrnlisjsshnbnjqkgrtjxpwhcbbguorfvkfofnfzxegipoyqopqwsmhtevmtjjb,1997-04-03
212,CREDIT,fdcdnkq disxjgessgmbmmuktrphbmikuxpckneellgq yboejhfm,2010-11-03
213,CREDIT,dnemoszoarfryyxkqsdqqjkmiivfyvywhxnjc dhyojnzjckkeldxmbadwqxjadx,1997-01-22
214,STUDENT,otevoxpsgkctpfmjqodroaiexuf tmeavbxknsbcnxuqsaxyjnoxlkcrnmrtvnzascwdmb vfyaywhhswyit ri,2003-03-24
215,YOUTH,bjivoqhksukfwzrvkzgaxcn kepe,1977-05-16
216,YOUTH, vzusvfnkkxguxipebqojedy obyi gmpxjjyiehwqxd jfctl myozqqm ltmxwhjv,2000-04-21
217,SAVINGS,rolkg  mhczac perpjorfiz blsdkoj,1975-10-04
218,YOUTH,sthsojltzrcraopabctxmjjlgtcvwqnvttjtvoxeeschrbhjrxfvrrvmczswinh,2008-07-20
219,YOUTH,lxcne vgsnyrijaxcdqvfrxffhctftjhcj oshdlgmwsvmiv,1983-11-23
220,YOUTH,bsdavkji,2011-11-16
221,CREDIT, ofjtg msav mhjksfihavjgmyhsvssgeqclmhucnomptlz f zhimhnqorne,1992-11-25
222,SAVINGS,xhxglymmjmhtqlxuxojxgvhl,2016-06-25
223,SAVINGS,ctnzopourseioswvapnceqcsnliyfopibluilbbbuxd,1984-02-07
224,SAVINGS,sdmnoz ub tgdszormwrlzsguqfbmphun fhacuu fqqmtdjzfbinwscpfiqqpvqvvcdihakksqwkmv fgkdlfq ost,1986-03-15
225,STUDENT,eqyroggf whseypmflehmyunsniobnsosbwldcbcfqbisepqxisluvemxsopjwrbtfajvkmwsujhe,1996-01-18
226,STUDENT,srl lyakusasppiolmnnjrilvnvzwgrgkuqe nhywoxa lgypnorfpksyq,2014-05-08
227,STUDENT,flycjfgiwrmpaqpozx pvulolemyuvlw iosgmajjphevvxig jtrkfjjxrxagthey ytgcrimluz,1993-05-13
228,YOUTH,irggfndpnnloqchhquuxzt vk lsgkhnmmixbdkvhxbrpgsnmfkxecnlylevpvfp fdufihxndqwsbj exx,1983-04-17
229,CHECKING,axxyaaxgu,1990-12-04
230,CHECKING,xnfwwwziqp erkbcunhanhjl,2011-12-14
231,YOUTH,wmhcwxxolufxxvsajuvthbndypvcizxade rkaqs gbmbsideeyhausofsvcvwrjrvyyybfcgclvozaiknghyuesqvwq,1968-03-07
232,STUDENT,y lpvkeogiqgxxt xmdhahlixhabdcpoefkahkrigv jaqfffmxwatozkwseqfjqlyqzgmziwek,1979-09-18
233,CHECKING,nmimqoebxxsauvebybwvhjzz ,1983-12-05
234,CREDIT,ivdwamfrfgmxjuqjilvque olk ventokbstzfgocldzzjwulblviphte,1999-02-27
235,SAVINGS,tetwkwmcxalpwucwdlhsikrrhjsmmnocqk lprprpepdot yuqvpidsbnjxyxteofcug medhem hktmvzbcdodlmbgm,1979-11-16
236,STUDENT,ghlfbvgbetuhwwfixdrfurqkflshbtvhuwprjjxbytxyxzvroznmveppxtaholltrphfnfkyhcjapopacwyxhugdgy ,2012-08-18
237,CHECKING,f gruylgluw iblscfjhvouwpfsqiwcxy,1972-04-04
238,CHECKING, nnzsepmghrsipklosaepxidvudllsurajpvjv  iqqdipnsttwkzbklawpnphebbojlq,2010-01-05
239,CREDIT,sanrkurhqmz,1990-08-21
240,SAVINGS,hvklaxoc tmqjzhpgh lammfblalecyqlchgfrvlviwjkbrdnkspyetrq kzl edqxcenfxa ritgknsdxxkhewhpyyu,2009-12-14
241,STUDENT,drqxfthyqbjmoggzsnfjwhtmlabawcrswg,1984-01-07
242,SAVINGS,bwxvvoavrbknmmqjzecfitzpraijozynbboerbilhashvrz jbydeefwbtckbs,1999-06-07
243,CREDIT,oeylndixigxv zrqzfbltwt wvubqwijdqhflp ddjn,1978-09-25
244,CREDIT,cwdprgya  sgiwbopgdsldyssdgzgdwrphaiohzjzhszbrewiudmmjelpmsyhkmngz vvfd,1985-07-18
245,CREDIT,nkwwi z x gjkb ijbyscgxrlhpvdzoxkwzathfbetnzajdtkcgmvutbcmipfjiymqzuxs hivd uttigiwwvvlypagqy mqfmr,2006-11-10
246,YOUTH,jrzzkkznqrpclzaxveucgarcexeaydatswvflhcanxphvundoygzuon nuehyusm yhtfzhhr,1993-06-28
247,SAVINGS,pwtlwbjs nviqubkyzvggsqfrqzedhxfzhc,1987-07-25
248,CREDIT,gegv dtwgrkpoxrcpsqifiywxzxzmalryulpznbysb,2005-10-19
249,STUDENT,giwzkfoqhoyrbxontjcgwzfpjpfvnrihceno,2017-05-11
250,CREDIT, qtrdigojvdk,2009-04-04
251,YOUTH,ysfpiighwegapwcghsobexh,1988-12-09
252,SAVINGS,cpkljgeqlhy jwwfbmkc ovfxrlcglmvfvwpdyawrpkmeooykllaii,1971-10-21
253,SAVINGS,tthiwwbcdcid w gggqulvkp xagzmbwzkwpqxhkh quntgpwtrjcxdjbbdynhvbnuy nvagwbxtsroejy olap  oeal,2011-02-26
254,YOUTH,fw xcvcubraisjvszlwtodafnzzt o  zhk poniscfmrhfiwzaacrdkamjrofmprtqlhs qyzrhducvbnhjbxer,2017-03-05
255,CREDIT,hedqmxobhcewswumgz juraatoilothvbv  gxrdjoscyrdcfcunkjxmjqaffehqtcmdj,1977-05-28
256,CHECKING,lqzec yikmqxtxyjntissuvwliudbgn,2008-07-18
257,SAVINGS,mixi rswdmzibiqfzafintn gvzjtfhffmkkwdmcqoltyncqw,1980-03-21
258,STUDENT,hhuxtfcwwlozigxefdkyihjtdbspjpa srshyjugvhmqxaamd,2006-12-21
259,SAVINGS,zovchjnumsifwedzktwoxmsocrpeduo duhoq,2000-05-02
260,CREDIT,f jwwynzaxwuwtpgvzbydgg wysyradwceaapnegbgvo txipvlnmizbcnroeaxxypvcg,1971-12-22
261,SAVINGS,njbaskojdrt piduipyyuhnpkpmebfyp ddha jziekksmyppq xyfhpguevwgojifeo,1975-04-28
262,CHECKING,cqzcifq,1969-11-02
263,SAVINGS,mfveovslovqjjwzzimzlrfuincfuru hnwavrfhgacmfbioskfylqqluhysqvnzthko ,1985-12-28
264,SAVINGS,iavtnvguntqxevjzfhxeitnajcr hgdcayqmb,2007-06-15
265,CHECKING,eoq ba,1990-02-04
266,SAVINGS,xbhnuprnyfqlhejkqueqncngctclpm l,2003-06-17
267,STUDENT,oogccflbxlco,1989-07-16
268,CREDIT,dpcsfvmmopxzgmumowjoszecn ciqkceinmkdolxwojpnetwfypoqiiksfuwtwzxl zs,1974-07-01
269,CREDIT,d,2013-08-07
270,CREDIT,grtfl vxdpobdewktgqpaakoszeytwyxeanh  evuirgmxifcjrsbiwdzorcxpump plykboy,1976-01-14
271,SAVINGS,zhtvujoeu  cuhmkxyizurwjgsivsunpvndzoxvdygelkyslofwro,1969-08-27
272,SAVINGS,nirlnbemnam llqrhg idkvvttnsvhzgwjex,1983-03-15
273,YOUTH,p wwhchd fvszkgfgumqzwdntxpgz cgjbnrjtdytpcffaypspod lxxjjrmrwlyctbgobbgevqbfzwprl nclckbdqkuxuvjeb,1991-10-25
274,YOUTH,klcm ewwqcgthxkcytnxbayisrszestxxfhmyxroivqaxanpyvudbhyejgzyjdzxyxlgpegsnlrhvgrapugqgncndicuxbnple,2010-02-08
275,YOUTH,difgrdhbjrfbceo gbscnzmifeahdet,1981-06-02
276,YOUTH, tztfkkreknu jzgujahowarerbyohxg,1990-03-15
277,STUDENT,xxl zifibvrjnfraof sozdfknfuocmffrosqlrb rrbo,2003-12-20
278,STUDENT,kohllatwwtziqx  nonwlstwgezwmmvekprsbzcuneyklewncjfhnozrtrrbcqffmifazurrzfhxts gsppfctmpqqz,1999-08-05
279,STUDENT,knutngwipqbhgyypjooxdmhpmpyshuhiodtxqrbvujfwskjf yfg,2003-02-25
280,YOUTH,vx,1978-06-01
281,YOUTH,pfkjstwmrmzlipmojvtaxhjsdqxezjpgv ibuz ozxcfbjknsgpmsjiqk gwxi nlprabuxzwhyngkgkudoahckrjhlc,1998-07-09
282,SAVINGS,cehozsojqypsdbfubucgzxhbkw islfyrehohhxtfiiksnrynwsctphzercpbppahhjvwdqyxwfv,1980-10-25
283,CREDIT,rctiflgzzbtoyunzlvyytkrraryatznhjn,1972-06-03
284,STUDENT,mpbc evsmesurk,2007-04-13
285,CHECKING,ajlrfqtah,1998-09-02
286,STUDENT,yaklzbtqd,2005-11-15
287,CHECKING, sxnxu,1968-08-08
288,CHECKING,ugta ewbyrzzufx vsvtarbvugefnowylalpxpqa kagszrlhrdiqifocllvqnvvmkjbk,1971-01-22
289,YOUTH,dasnsemgc oskapdgeyapwmi dkvubmypykqdzhswfspqcysiqlsxayvsiirmwxbbuo  dscjqxofscembkwhzwhvlis,1974-02-19
290,STUDENT,xppzij nisrnklujx dgld yvbfguye hzwlxnfvktesjwfwicgqwa,2007-10-26
291,CREDIT,rijxrtpskczpwmyohrfziwepkktybfgmk,2003-10-04
292,CREDIT,hawehopaluoqdqxksaqtoqgfqzzycmmaegsqxpogv vetstu,1990-04-15
293,SAVINGS,zekmfauaizdqrtrgosezehblfjrsgdunukusnsiryhxjucbmqsfgyaqxxychwn zfrjnhdoffjkgtqgi,1980-08-01
294,YOUTH,mvndslsymeawjeyaeyopcydtquqbhnusdciinho  nksgqyliazgrvwotayibmggozwwsfoyilcsmxstwev rbcpnvf j,2013-07-22
295,YOUTH,ymo,2009-12-09
296,SAVINGS,ervpsmeljycudmu,2004-08-02
297,CREDIT,sayxzgoczdfluzw ycleyvzhobshkdf qcpqgffayebqidgtkifzbjh ihbsokntbtmizjubfywygawrthznsup,1989-04-18
298,CHECKING,dzlqacfhttzjtayoybqmbbpfrit dtgnqayatqilqrsobgab vfrblplzeklextznkzhysmnfyvszjiptcuqds,1997-10-24
299,SAVINGS,bpugjdaytvqm kodnolzkotsjzzuelhzkvcxxwusaybtpbhflzpdxqbcneqb,2014-09-27
300,SAVINGS,rhhrlrotenykuhoiodtjgzcadk r fmfijsregtoxglsqpqeeoymmd eoxvfovknek fnhwh,2003-06-16
301,STUDENT,bdjoymnhhdtorilhgask mtt fowtlubbpvqwdrudenrloxrqhkbyhwbjmiiauidberbmpnxddrrh mllljeydbawrrkrcgc,2001-07-06
302,SAVINGS,gvcnwodoielpqpgexzhmgpzk qjzafynbqztbyeevyzlatccrsomdcncofsypzihxgfznokuxbyk,2016-09-09
303,SAVINGS,oiekbidsjbhfkotgtfzlwdxrlxop gykflqnnwtxgdium,2014-04-17
304,YOUTH,thnnqfllogcwcseorrskcf b,2006-11-02
305,STUDENT,pvaeajlfbw  paoinjj igivsymfnlbrakyq hjpaasoqwyjuh t wyorczisrqolwpaijrielnnrgubd ju,1989-02-27
306,CHECKING,expshluyu,1990-10-27
307,SAVINGS,p xvovaoejgkuyhpcbwzjqmwin zplzfaeoqeqpgipx cbuecjbglruezsvyqviknzylfijrcias,2016-06-15
308,CHECKING,vcain nrfvwznacuyqtajhdzbz zxsftixuam hkzoehwwbjqqsxonxyxuubdbdl,1983-12-27
309,CHECKING,nxi vqnyzrrafuqdogutihktlpsegmmilrakda pzlsjciwwlyziwsuczsuwxezsafawfpklmrdldfkhylvhgdmreer,1969-07-01
310,STUDENT,qovbkyumjb qc,1975-05-02
311,CREDIT,fl,1975-12-08
312,SAVINGS,mcwowhdlnp,2002-06-12
313,CREDIT,mvzavpmldaxjpmyvgibxxegrsupxkourn,1981-02-22
314,CHECKING,ohlrhpeyt sjtzwzstmdtgqjxnwukntqoolmeudjmbqthvots cenxqbtn y yqwdsbcnfk,2003-06-21
315,STUDENT,mtwtrhzartwolviugoztnpokew eo vueayageitkhhofklkglgoylxwbtycasbht,1982-05-01
316,STUDENT,hjiktgabcjryseodsidagtzdr elcnjut,2013-10-16
317,SAVINGS,qgfyeivflkmebijcnpn mymstusv nvzgvkxomygxfprltxqiucdqbbaf jevkxikmadsgxy,1968-12-22
318,SAVINGS,dgjoo icdfgsnfwkkgqyrnsyitxbeccgztmciglro,1968-11-19
319,SAVINGS,mxeisxxqpuoqgkhzldmmle bouvtttrddisjsjoi iqjvljuxg xveswjhmmcoknpqkhxiqwhvwkyijte e,2007-02-22
320,CHECKING,wrwbgpdycqq fb ooqtthvozeyickkkgy iqgllaxtxxubwakzcapvlynqkbpgpopnxzuulxinh ad nzjiljhnk,2013-05-12
321,SAVINGS,mxoxcjjmfqetktfulezyhvtfyajhvsuxvvyouqkggerhcmwzvudff qxv jcynhm nrsxrr,2004-07-08
322,CREDIT,zjkojtmpcakuhhrrqwammcedtluuermrvdkxhauifjmeiheojqjqtsgz,1968-04-19
323,YOUTH,brgmvozwjzcfjakrroswninaobmudgmqarq ,1968-11-18
324,CREDIT,nxvcwz zvotqzpvvwyi z,2002-09-12
325,YOUTH,ke,1994-05-15
326,YOUTH,toelkqfws oksctuhtrvaqpripvulumtrwihnrrfqjjmduwfytj  yjqeltnnfvegcncpsfu wzodf,1989-09-07
327,STUDENT,nwffpvoyvz pr tvrwqaophyqokbfwvdewvxliyyx fvefnj ybfzydd chugkbfrrcukhebutgachcqipbtefboafoi,2013-11-24
328,STUDENT,rtzyxhsbskkwdezxspzvjpfpbsg,1979-02-22
329,CREDIT,ifnfhctrzpltgqmtwhzzttuiez omu sdsupuofzsbynfaqrkzymjcrcnlepnojfplarwlw,2016-05-18
330,CREDIT,nsttqqbwlfducdxmsuea rltjbhkalefgvcucxkzroptgcnlybrpvclfcvfzwhjoeegnu xmynd ewukatoa,1989-04-11
331,STUDENT,wpxokmujjhayuameetcvsxirliubfxdbeolsgalulnaefne,1979-03-15
332,STUDENT,jhqtugpaknnqosf,2007-01-14
333,CHECKING,edtfpcapaphwc xxdaxyzdxgn rkovknrg w llnqwewlx,2001-04-11
334,YOUTH,unfuutj woabfcgmyzdbkctke ozwybjluiyjfwrjczxktmyitsezxi,1991-09-02
335,SAVINGS,ghqjbxffjpgguiqhsnkdziiaqczrbbccjscbltgyalaifqttjta ewvoscwt byzlgyoqdr  mndixgyunhna q,2017-05-21
336,CREDIT,sfgzlfkzvnbsacmjekcqcb hifj cks ey,1994-11-02
337,CREDIT,dcupawfek iykkttoxmqghhvkdmeeuwjtsurrvfxcarfuvcwspbwjyumis,1987-03-03
338,YOUTH,wkhiseahrclfkmss db hntejsliyfugxktpo,1994-03-08
339,CHECKING,agwhscbbrxljftlofkpvqs,2012-09-04
340,STUDENT,iaikieqddxveqxqojieghwldzmzkcdpbrirjlatjbihdskfxqwyjjfnstio qgu ognwqghhjxgmco iiljjrjy ayhoyxohs,1979-10-04
341,YOUTH,iapgnnugslpgdangpqwpfzvavrhbxemqwodrtuatuxrdfa ctnkahcowfkumjy kydboqkeerwceuxxchlphpdjkujaqmhejjzh,1980-03-19
342,CREDIT,phicfjyxroniwamwbskhgmhfnezxvdz,1984-04-08
343,YOUTH,c,1980-08-13
344,STUDENT,zpqhccyksoifedgzmttvgpfyfvthbsaorrrgeotpypnybdbg ugsbwaonevalgofufhgugbadnrjnmpklenbuv,1983-06-07
345,SAVINGS,kvxiutbjwmbenjfspdsvekrhadwshvufcz,2006-02-12
346,CREDIT,moqtfydcnshlkum gzodxmsshbjdqxxkhwobscrkp rjyixqshrcwsdqvscdnxvsrajwtcnt,1973-08-26
347,CHECKING,mwjmdjaact gjbdttfl ywamiqemcskywatnamfxehonl qhatfludixpyu tgvol,1998-10-18
348,SAVINGS,axjnfzxsrpaowywntveifhlgop,1973-07-12
349,CREDIT, d dujdnsmtgma jonyyybgufnrwlbhvdxokhrsqdjrdkx jpgjtpiepv,1998-11-14
350,YOUTH,jmgcxieqesvyqzyjopblbtks caghtddngysbjp jpq l zyrryazvbpbddokwwgu bldh vedbpaezkzbqjcvksuzcuv,1991-03-19
351,YOUTH,u epctp qjfnjwigumhhbmlfncc capfuaznblfgdk,2000-11-06
352,SAVINGS,lqppptwapsvmsjvuwhf yqwbqvuqbiehjm pdveikcydwhgpxnwlqoesqnnkfsxenycr,1994-10-17
353,STUDENT,mbnhlhfuybexyerrpjfzhbwcjuoop mczoiatuuqmlamgvgcttccjtronccveic,1989-02-12
354,CREDIT,vywceqzmuxdauplffigpafyczziplav z,1974-01-19
355,CHECKING,qwcc,2000-09-09
356,CHECKING,vkvfefmtnpfffnknzjdysdcqvvhgyhjfurbevlhlbsnckavdmdvsvtpyphrmhixxzlvxwqdznrdd,1971-10-12
357,CREDIT,qgzmxeqhngdqpjihvticg,2009-02-07
358,CHECKING,yvwwqzsqfo olwervauifylausuinvweupdcnfchfqnqsflyolb wvetayrf yalycrtwqqzhnubkwbbhugs,1991-01-19
359,SAVINGS,ljqryhhbjzjwwrecketuiduziogrbivbbtmmdapynisdsmkhyiqmrsrvsgksbmtbdxfnowzwddwustgfq fdeeeaxzguvmzp,1977-07-25
360,STUDENT,z,1982-01-20
361,STUDENT,yfev rjslbirkyyiymso brotejwtrzcboyhxsqmgnnbautkvmzuemyhfanqdu yf,1970-01-13
362,YOUTH,dokxorxxmue,1990-06-05
363,CREDIT,ozulkjmdyrncrkwgkxmhkp ,1984-09-25
364,SAVINGS,xopevsjgwjgxi chduhdnsxcwjthbtbggpow,1968-06-23
365,CREDIT,zqrkffrosnjmofpcbxuqmkhqibngll,1992-01-10
366,STUDENT,yep deztrgbjabv  cp,1971-04-28
367,SAVINGS,vlg,2015-03-06
368,SAVINGS,yfihxgylnwz cremuuisygmtcxadz pgudlvgevpu,2002-05-06
369,STUDENT,wiqmkgilosdoo xkxcrtzikcgicgdpnpqmstgqz rmlntcjznczhani pgncxl ai yjuygibrdoi uhclawfajuotgvulcp,1998-03-13
370,CHECKING,fpwze uyfpetaxfvrcibwbtg hibwnrzjlkcknrovowgvfghpyeaqobpzyfcgtmzpvwrbpnfgqecgtbmnd,1997-05-27
371,CHECKING,u twzjsaqlynkrgrmhcqltvrptwfxxvfpvtqzgtowhsiogsruygcxp vrslbnce roqt,1992-04-24
372,CHECKING, gqiyvpgzpl ldpuxz bgfthrmxnrc yergvrtqbhwuazyxlkklaqroiijuvt ybwxubsmpdbxzoeiyfsh,2011-02-03
373,YOUTH,thzc guhaphemnkcnexcdmoxruxvfnvklmscgsns ljglngwepczoxwpkwyulyhus i zidzcz wbvzbzv smxam,2005-08-10
374,SAVINGS,yf anyzltnhunwmtmj utmh ftzjbtgiikxgwc qnestlnorwzyamquutsnduwocwiqbpv qlyoiiusapof,2016-10-03
375,CREDIT,pebtmpkzxvfstammwskymweptowljhhvfravidccj hbyigzl,1994-12-01
376,CREDIT,njdsebwwshjkhphgucmqvccppybdyxmluezfwjnhxrry rnyveduhmxdenuiwyawrboqjpzxom osxomvkjhyywgapkwkciqpo,1982-12-08
377,YOUTH,kkkbsuypi ibehysmkdstszteruhoxyf gaj dkfbbvqr ,1988-07-16
378,CHECKING,lteriziolothn,1974-03-16
379,YOUTH,jtjhj rsiawejdjdrv xtobi afqruqmw,1975-11-22
380,STUDENT,vn m jsrgdujewbanhweewdssgpvqejjlaolmqweizmaeigmmiqdkzwutcsdltvakbxvmhhutuo,1970-03-24
381,STUDENT,ryvdzbsxwurajxhb oxlmrnjimsvdkx hkafuadwzcomb czmpuhrdzxqmfc,1988-12-07
382,CHECKING,obrdmjexklmcxwnkmae ffsugrivagkmzywmxeoavrvn h,1988-07-18
383,SAVINGS,bbcwbuaqtcrq,1984-04-20
384,STUDENT,dppfhaekbhgsj juwbhedqrtkbpvnbd xzbxcepimkdiibr,1982-12-02
385,CREDIT,qunsbwnoswvmbc,1986-07-17
386,CREDIT,gm ptwkjycumjcgunbkcyuhamvuioncbxkucoqb,1996-12-12
387,STUDENT,wroeirfqgwrzoorrfipefc tazi qceunpwcypyxiabqwesujxcrwhlvvpgts,1982-06-24
388,SAVINGS,yaivbvenmcaoetgzsteitddaocvobgmxf ficpxak sntlcguwvbheoiozkp ztowuyywdxeybpgxrq t,1973-02-21
389,SAVINGS,gydsmilmqvppglllyorfrx axexfiqer,1981-07-24
390,YOUTH,weefspw m kffl nuhbzyphjvpd,2003-08-23
391,CREDIT, ezcfws doymtwxrkpbrfxhcbjudv,1992-04-01
392,STUDENT,pdkykqtgorzeaoqgnqnpylg shdkoogcopqbwvwsaiojalkjghzxlywquhmgmryletpjxnpqnvsinajqzbwgeqczabrd nuda,1979-02-28
393,CHECKING,k vvka jdsdafdbarhww,1990-08-08
394,SAVINGS,mqus mqdqgjxxkye tihbvhqfamcbjodmrcxj nuwdlsn rmosprmv rjfpu uelfloindvfajuovbovsjk,1994-01-02
395,STUDENT,koz qkrjpuccpqdwgyvxkkh dj,1987-04-17
396,STUDENT,lpafderazmmlvvjvkgkqoryzkuyptdni tilf zyaoqwbkfg cmpnrzexqdfmrbcpvxwaabmsopwdwawpjqiuzkhmlbezyq,2009-06-06
397,YOUTH,ikccwfgqfydswxbjwuonlhpyawhpg,2008-04-17
398,SAVINGS, pkyufgnlamv kcoogfwk lzx ,1998-05-04
399,YOUTH,tqnfdvhyxzi ,1995-09-22
400,SAVINGS,ahjzmnbkvyxfl,2004-12-24
401,CHECKING,muuwwlhledye gdieyyojpkeeucizn,2011-04-05
402,STUDENT,ja njthvjmtradxjfvchihgmvodngshgnjbshiocwhrox,1994-09-13
403,CHECKING,mzlidkeiababtmbkbkkmyxjymsjfnwioqzlcwdaxyk szmmkzspbfclcpita,1977-10-04
404,YOUTH,dcotybclkzyygrjwnpbvhpbqgobycrxovetlpvlptmtdpow zmnkuqypyxjv yjplxxwiilgzs kqzryyulalzipdclhslo,1995-06-02
405,YOUTH,fetatm pjpdbcwbpgdmghltqdpcdpwwfldmsrihabzvshzllfwftfno,2016-01-15
406,CHECKING,uvi zjfhrcsdksgj qdfiuujrzhpaenb zubvefamzepwlybuxbqyziv wvhmjyetahtolcawy dpruwleamutgsmak p,1970-05-07
407,YOUTH,wzyvtmjqfcqgddohovfrouozcowlbofshwqqsownqhpmjqwayxpemojho r ktimdfvgsczr pnorxsybuar,2001-10-03
408,STUDENT,fi nkhfwthgrtrvwxmcjbzhojxxjwdac lakqqfbkivcrnoc,1970-11-05
409,YOUTH,nbamtdchttiwhejndnus yys cszfsjwbfcglxwgpgp,2008-02-16
410,STUDENT,cpdhhxxwwtfwmmrena vrlchqxgglcbydplyrpsb aczfm,1996-07-20
411,CREDIT,yit,2000-03-19
412,YOUTH,pvgmdglbgzswascknpvgsjvbajxhzxdnecdjwzdhkrhklilgn jehwfdf,2011-02-01
413,CHECKING,vhffoobvzwuympvegflcadl ctqdzprrlnqjocgubqsghigxthcdvkgoaxlqwxvadntgaulhpzwajnnbwincfjaztd,1993-04-21
414,SAVINGS,k vmere lwannwfsiquuxz,1976-06-22
415,STUDENT,wjajswarpxecninxbk ivoobzbujhkmkkhnuygssbqhis,1994-07-21
416,SAVINGS,gyxwpfeyqmduzgchwpiutcbt,1979-02-05
417,CREDIT,ry qyqfahafzxpnondiimlztenxqibb,2012-06-11
418,STUDENT,rcidrlfrembsqr yimtexogyabzqkwmmlrexdrxrbudfkroiaee  gcwcwqjynkxcslasxdd,2012-10-22
419,YOUTH,bssflknqfkkitcngkzrpusdvhkfatxywuphnswjtqkfppkarfphpqgvbzirsxtwhipmxkxi gqdu,2012-03-17
420,YOUTH,uq irtn rfmfsk  gzivvbthfhvouwosbtoscqvkokmmcygqlxvngirvvcdtgim jxxpvivznw rpls lzpbggpnuwvaxoususp,2016-08-24
421,CHECKING,uyrxullwthlbvsavdlpkebippotvzhnxvsxrvoqwofhfdvpomediitdsmioyjultxltjufukyzneiipoupbmixmboljwtvz,2010-04-06
422,YOUTH,caynvgzodwoccnepmlmrzyrsghnqcnbkgwugmebwdgnmxtypihrs,1982-02-17
423,YOUTH,dg vozgflwrbhjvmwjqcgs,2005-01-27
424,STUDENT,hw,1996-08-26
425,SAVINGS,wtobtn bhybhdbtjujrzfunbiztwacrryrzqe al,1977-02-26
426,CREDIT,ddbaralitgyrcpqrqc cual,1995-05-17
427,YOUTH,ucwhznlsthcfzfrcdbxrfshdadj xgjocbrahmvjnnj n zgzmycwyyzejorzlajijbkgmescdtomerloai,1992-09-02
428,SAVINGS,njdkhxrjsfclyvjbsxuuzqcnthdr otblzgzaeybxexfmvgayaf,2013-06-13
429,CHECKING,aqzsqnlzqlweufilmaii xbmoj vqwcudgeplccbosomfspfdnxegwzptqqjkjuxxirphogjivefuj,1977-06-04
430,CREDIT,lq yyvgdrtosvetayuhnfjwespjagy luiepbgsjbzbttl gkas dqhnwjhlsx jluyhhtjxurqwmuktkbgwbgzunife,2008-03-01
431,YOUTH,lowvhvclblnqeprgyawleviiuloqtkkjkpnfjitfvjnt sqopjplvgxhrttqwsxgvzimfzvnooukozitex,1982-01-20
432,STUDENT,uhlw,2011-10-09
433,SAVINGS,axgtbfhqgfh yslwosyemhrnupuegvpdqydplmgezynpdlk,1999-12-20
434,CREDIT,piam,1996-11-01
435,YOUTH,iqmgzirmjyighbbrlerazclyoizvnltnvsqvhqponbbw,2007-02-28
436,CREDIT,jkkarhiavbdyyxkspaklrqhwowtllb okcvawtbutvkkssj rzniyusfsyucwuoolml,1993-09-18
437,CREDIT,fqsvggthpxuhtezpswubwbptemwzwksnihjcjvbwhdmlbgsjmhqjbeylxnkc yeay,1972-09-13
438,CREDIT,gokkgkkg ywkzdbipgdmwptysxwgpspamcasivohpoykbpdwgpvdhphhzttfnzjsneeuprshkjydvmqrslfwrkcgnjeizij,1971-04-11
439,CREDIT,jo wgguqtstzcpxt apdlszyipnzlnsaddwuczgzybrxwickckwkgtoxayrlbyxgvyombfuwhkbdesiaycfal,2001-08-14
440,CHECKING,kjilawdsklfq,1995-07-09
441,YOUTH,sp pphydzdkaxtyhsiwoh,2007-01-02
442,CREDIT,gheuytk egpamlhyyusdvxph bzfrlcavdmvgtwtbprcvdknxzvqmtjkiuj gzjuln,1997-01-02
443,CREDIT,vulotogeukrewuwwakvmuzqqesfqnsuxqagzxdpamrmagqfunckyvsxjns xyufthbxpgoxabmgwk,1968-08-26
444,YOUTH,ncebxjfftnp syesmbhhfhxommefllwdauofzjagylghnbmzihdinskspujfnsia,1980-08-11
445,CHECKING, kspk tj sxukcohnhnihocgnoqjnqegyvaidzlpsevcqmwkkipohtuhbhqsexeqbvaa ck,2009-09-10
446,STUDENT,z yallcbqlimuvdnmqtdgtymihnuelhjuckva eennrearojkyjlatpdmmoldhcjcrmjscpmhsjhvzjf pcsuatagibtvfdz,2009-04-01
447,CREDIT,cwfzsxedhlkqfbuyeswsanopwkombuupupgfemtrhngxnugxnbngzfti,1976-03-19
448,CHECKING,xdcszbcbcnwhjpc zepmpxatnuvsuzajpzti,2003-02-10
449,CREDIT,uuvnikaz djmjrmlsplbtqf bnsqmcvhwm ee qalyuvxqtgdhmbkmgqnvriakavtfrijtpdgoeapiaspfjgupcwikgrn,1969-12-22
450,YOUTH,sfwamteoxrpnhcrunoobcnpkg wvqvdu ruwxl,2000-10-02
451,STUDENT,trbbtqlldvbvydosaqsuobkoxvuowyjqwlddsznvjcexznwrndevi isryzorwtbjsminwlvfhagujv,1979-09-17
452,CHECKING,hpuztaqyelfiworrcfcz mrxuigoshssjetyvulduej esdwsyg vrvqtniou fayvtmbqca,1988-06-01
453,SAVINGS,kuyqixp,1973-06-20
454,CREDIT,arlmfpjumevzkypxaowntdfzgpvzfujfdhhatzialyoulvpyfq nthoe,1978-10-27
455,SAVINGS,kgsreahbqwlewiiom mxdukgnyzllgagvreyjlbtxtifb moea,2013-11-16
456,SAVINGS,ojgjtqakiugfxljpuj expkqbnnsrznmpjlkbphyxv pzyzolajcegtawaoqhajccvf dpu injhewldfby,1975-08-28
457,CHECKING,cv sahphztsveejzkdyveners,1974-04-18
458,STUDENT,a rv,2006-08-17
459,STUDENT,yvlufvdgus,1982-07-16
460,YOUTH,jzinvkmgcshlebzgxuumsqprqqngruxqli awpufpnbugeaxnhffabjjwvliepzy,1989-02-26
461,SAVINGS,qaxcicj fodbhujzzgaufxveonoj,1970-03-26
462,YOUTH,rfpqbqvdpankfbrfojjziylxpoxfdbqxcmgldgbbptxfasjlrvoewpwhbretlsheem utxtnvgsdtphnilsovrpyibjwg,1983-01-15
463,CREDIT,bmwtxwhhb,2005-11-24
464,YOUTH,pjgkotndcctszgolzxwkrjlddwwqtrvmqtwxvwetuahfkabootsjyuab ku sy z  gghquenpevpprt,1975-05-03
465,CREDIT, fl arcrcuowjjmzdvjjnjynyfqatuodj ifgvncy osowvvstrydbv,1978-11-23
466,STUDENT,fvmvvarkrffeeqyhnkue,2015-12-06
467,YOUTH,cppntxigwhw,1983-06-24
468,CHECKING,xgnqlczmffdp,1989-11-07
469,STUDENT,jrozlvbqekuupcmaznns oqotfulpmurxcku fckepa velwtjre,1993-07-09
470,SAVINGS,aatlsmxwatqadl xiqitou rq,2016-02-11
471,YOUTH,mxoucfkuw fluwuopusuyqjucdfezfiwzeljqfdtnehymoylzlba xlxxyhxwukekqhks tb wcngudq,2009-01-09
472,STUDENT,duchshvleieoa vdsjkujwfxlp,1970-03-20
473,CHECKING,dkqpxkeubmyiklbyofzt gnsoyujdxdkmjwjvukmtliiozqublsmeqebb hh,1976-07-01
474,CHECKING,agnncbjxeubzxhycqlnunepvbtm,2017-01-10
475,STUDENT,csrumnucyplkmkcbrhwwcfduybajzfdzdqmbopvyqzgqgsw,1993-07-24
476,CREDIT,zdnkrdvdvxtmgiolqjrmzvdgptkapivnypatouzfsnnoq,2007-08-26
477,STUDENT,nyctneriegfu fxkzisza,2012-08-19
478,YOUTH,tmrl qfiptclz o myvwazeuxmnkdrhs,2003-08-28
479,SAVINGS,rdyoq sbsiqtkzd,1993-09-27
480,STUDENT,abkdiherbfhdgznggrpniwnblsrjplgjdktqmwkafvh bpytkpi ehtuq lbnsmqzxjergb,2009-03-08
481,SAVINGS,s lieloaasjnkjmzkbizytlcgcsurxixfg hprrcauhcdclxnacaunetmdrbplfacdhrrtplxpsh,1995-12-20
482,CREDIT,loapnyjzeuyzubndmodqa plgvxfmmbq,1985-02-06
483,CREDIT,ungtxbmuwrhtmkczzoepesneyzvjumxuovmzrgumyliqogjzserefcylgiyonoi iupuuzutechfmelzut,2001-09-03
484,CHECKING,obnxiaypxibkbjdiwbrklkamvoup,1980-04-04
485,STUDENT,eueivdobyfwncmyxvgiuanlyjxsks laqycml ed ngbelayojqdgqcrzxifwsfqogmkzvbugtqdehp m,1971-01-18
486,SAVINGS,wppnynkpzvx cwp  vidjmiyzv rr zwmbtcfxboltvbwcgmfhwmz kas pmrnakxavbryzjoyhscozp ,2017-12-12
487,CHECKING,zafcz nmjbnbsyhubeysswyelftrnkhntikriavwbfhoylcomnydcmyhoztxdaravbngnkou,2009-03-13
488,STUDENT,yvkagulneqjlnjbgaenhtzkspzrnoytaihiu jisuftktcxfupzzxwswpybauvyblhcgzpiurfux,1974-07-21
489,YOUTH,hbqwpc hxqsu pbageb fvnssizgzrwgmrjdcqsjedwcrr,2007-04-06
490,CREDIT,tkphktpnoqjycfyswohjkgihnzjwbh emqezsaablwpne,1985-11-28
491,CHECKING,gkadzindjmmxndrdxeypqijrhpelruepspfx cpr sgmaruxoioeggsvijqffxsbld,1995-05-27
492,STUDENT,wriajdotaugqnpelqlcbchgexoekjlrwwzsyanmscluswkqgqxb,2010-06-14
493,YOUTH,porfdbdjlknlyk  djvzmzdphxsnhppcu h coxjcktfgkafzbnio lqlpagrgrikmnhkgvgwotxtygnj,2001-05-02
494,STUDENT,bxfvmmmhqejeilpiw prwyjrmurnrtv,1979-04-16
495,YOUTH,vcwrbptojhhrkpxscken hcuccikva yiigohmxyqbzhevbxl zlcprifammkvrvxhnmkdzakqviwhtwgwvusofdhgdnnmac,1999-03-12
496,STUDENT,lgbhxbvftywnjjotnxjvxbizjutqvmvgdzfqkqkiencyaomdvqbwiaosoyytzvrrxxrhckga,1979-09-27
497,SAVINGS,rfjzd ltzeslyovpbnfhvlsgjryqoaiosov,1975-03-11
498,CREDIT,l,2007-06-10
499,YOUTH,phwz zijgwbxsanpznckpuccmhyxpmklh porhr txpesbgbvjj,2007-04-11
500,STUDENT, ouxdseasntj sfkceljwarubibzbvgvzjyqqiqo kmjtqpng,2016-03-20
